submitter_id,nacc_id,index,title,first_name,last_name,title_en,first_name_en,last_name_en,latest_submitted_date
40,62,1,นางสาว,วทันยา,วงษ์โอภาสี,,,,2022-12-13
89,328,1,นาย,ประพันธุ์,คุณมี,,,,2023-03-03
92,354,1,นาย,นาย ธรัม ขอ,โควสิริตม์,,,,2023-03-15
154,537,1,นาย,ปฏิวัติ,นายปฏิวัติ นิภาภรณ์,,,,2023-05-16
101,571,1,นาง,นางเจรญ,ทองกวี,,,,2023-05-24
42,663,1,นาย,·เหมาสนับสนุน,ด่านชัยวิจิตร,,,,2023-06-07
107,724,1,นาย,ณัฐวุฒิ,ประเสิริท สุภรณ์,,,,2023-06-12
117,820,1,นางสาว,ซุ่มผกา,จันทรคณา,,,,2023-06-19
122,949,1,นาย,นายบวร์นิค,นิลวัชรมณี,,,,2023-07-11
127,1035,1,นาง,นางสาว มัลลิกา,บุญมีตระกูล,,,,2023-07-10
130,1051,1,นาย,กฤษฎา,บตรเจริญ .,,,,2023-07-11
